"","LocAddr","zip"
"212","5410 BENT BOUGH LN","77088"
"303","7702 MAPLE TREE DR","77088"
"506","6215 WINSTEAD LN","77396"
"2587","3126 FARMINGTON ST","77080"
"2976","9825 ROCKCREST DR","77041"
"4128","11914 FLUSHING MEADOWS DR","77089"
"4167","11931 FLUSHING MEADOWS DR","77089"
"4185","12815 SANDY HOOK DR","77089"
"4591","5202 PICKFAIR ST","77026"
"4592","5202 PICKFAIR ST","77026"
"4618","5206 PICKFAIR ST","77026"
"7817","3802 DALMATIAN DR","77045"
"8079","12819 NYACK DR","77089"
"8112","11803 FLUSHING MEADOWS DR","77089"
"8139","11918 FLUSHING MEADOWS DR","77089"
"8284","3922 DALMATIAN DR","77045"
"8380","12831 NYACK DR","77089"
"8382","11922 FLUSHING MEADOWS DR","77089"
"8414","4414 DALMATIAN DR","77045"
"8548","4434 GALLAGHER DR","77045"
"8564","3743 DALMATIAN DR","77045"
"8565","4018 TIFFANY DR","77045"
"8597","11927 FLUSHING MEADOWS DR","77089"
"8665","3722 DALMATIAN DR","77045"
"8832","14219 BUFFALO SPEEDWAY","77045"
"8841","4022 TIFFANY DR","77045"
"8936","4002 TIFFANY DR","77045"
"9292","7706 MAPLE TREE DR","77088"
"9639","5939 MARWOOD DR","77396"
"9828","14310 CASTLEREAGH RD","77045"
"10009","3918 TIFFANY DR","77045"
"12298","3806 DALMATIAN DR","77045"
"12660","4406 DALMATIAN DR","77045"
"14553","14327 FLEETWELL DR","77045"
"14819","4106 DALMATIAN DR","77045"
"14859","11947 FLUSHING MEADOWS DR","77089"
"15035","6019 MARWOOD DR","77396"
"15376","4323 GALLAGHER DR","77045"
"15377","14227 BATHURST DR","77045"
"15495","4319 DALMATIAN DR","77045"
"15650","6103 DELFAN CIR","77396"
"15755","4315 GALLAGHER DR","77045"
"15761","4423 DALMATIAN DR","77045"
"16287","7714 MAPLE TREE DR","77088"
"17490","4107 DALMATIAN DR","77045"
"17764","4430 GALLAGHER DR","77045"
"18723","11943 FLUSHING MEADOWS DR","77089"
"20853","11903 FLUSHING MEADOWS DR","77089"
"21485","7727 STREAMSIDE DR","77088"
"23862","6027 MARWOOD DR","77396"
"24386","12027 FLUSHING MEADOWS DR","77089"
"24868","7614 THUROW ST","77087"
"24934","8635 SONNEVILLE DR","77080"
"24935","3110 FARMINGTON ST","77080"
"25101","3114 OJEMAN RD","77080"
"25189","3203 OJEMAN RD","77080"
"26383","3207 OJEMAN RD","77080"
"27141","12811 SANDY HOOK DR","77089"
"29794","14303 WATERLOO DR","77045"
"31510","12810 GOTHAM DR","77089"
"31641","12819 SANDY HOOK DR","77089"
"34860","11939 FLUSHING MEADOWS DR","77089"
"35140","12811 NYACK DR","77089"
"35217","11903 WESSEX DR","77089"
"37285","14202 BLIGH ST","77045"
"37441","14223 BLIGH ST","77045"
"37545","4006 TIFFANY DR","77045"
"37548","7722 MAPLE TREE DR","77088"
"37958","14226 MCCADDEN ST","77045"
"38260","6115 VINEWOOD DR","77088"
"38541","7007 WAGONWHEEL LN","77088"
"38568","7038 BENT BRANCH DR","77088"
"38687","4007 DALMATIAN DR","77045"
"38835","14315 WATERLOO DR","77045"
"39005","501 MARLEEN ST","77034"
"39090","7023 WAGONWHEEL LN","77088"
"39096","4023 DALMATIAN DR","77045"
"39120","7018 BENT BRANCH DR","77088"
"39157","4022 DALMATIAN DR","77045"
"39209","14231 GOWLAND ST","77045"
"39210","4427 DALMATIAN DR","77045"
"39444","2227 AVENELL RD","77034"
"39468","2223 AVENELL RD","77034"
"39497","7010 BENT BRANCH DR","77088"
"39572","6926 WAGONWHEEL LN","77088"
"39574","4114 DALMATIAN DR","77045"
"39575","4431 GALLAGHER DR","77045"
"44177","7014 WAGONWHEEL LN","77088"
"44180","7035 BENT BRANCH DR","77088"
"44274","6930 WAGONWHEEL LN","77088"
"44319","7006 BENT BRANCH DR","77088"
"44489","6202 LONESOME BAYOU LN","77088"
"44510","6119 VINEWOOD DR","77088"
"44512","6919 BENT BRANCH DR","77088"
"44531","7010 WAGONWHEEL LN","77088"
"44536","7019 BENT BRANCH DR","77088"
"44555","6911 VINEWOOD CIR","77088"
"44618","7039 BENT BRANCH DR","77088"
"44645","7007 BENT BRANCH DR","77088"
"44646","7023 BENT BRANCH DR","77088"
"44734","7043 BENT BRANCH DR","77088"
"44754","6903 VINEWOOD CIR","77088"
"44767","6206 LONESOME BAYOU LN","77088"
"44868","14415 WHITE HEATHER DR","77045"
"45102","7667 MCHENRY ST","77087"
"45126","6907 VINEWOOD CIR","77088"
"45165","7015 BENT BRANCH DR","77088"
"45182","6911 BENT BRANCH DR","77088"
"45209","7014 BENT BRANCH DR","77088"
"45222","9504 SUNNYWOOD DR","77038"
"45316","6915 BENT BRANCH DR","77088"
"45330","7042 BENT BRANCH DR","77088"
"45720","4434 DALMATIAN DR","77045"
"45859","7030 BENT BRANCH DR","77088"
"45879","6922 WAGONWHEEL LN","77088"
"46138","7006 WAGONWHEEL LN","77088"
"46881","7002 WAGONWHEEL LN","77088"
"46894","7011 BENT BRANCH DR","77088"
"46924","7034 BENT BRANCH DR","77088"
"47054","726 TURNEY DR","77038"
"47093","9502 SUNNYWOOD DR","77038"
"47439","3206 OJEMAN RD","77080"
"47916","2215 AVENELL RD","77034"
"48672","4427 GALLAGHER DR","77045"
"48674","3811 DALMATIAN DR","77045"
"48679","14211 FLEETWELL DR","77045"
"49096","14207 FLEETWELL DR","77045"
"51019","3310 N  HOUSTON AVE","77338"
"53035","2914 W  T C JESTER BLVD","77018"
"56348","14206 MCCADDEN ST","77045"
"58001","6918 WAGONWHEEL LN","77088"
"58029","7022 BENT BRANCH DR","77088"
"58067","6111 VINEWOOD DR","77088"
"58068","7027 BENT BRANCH DR","77088"
"63754","9410 SUNNYWOOD DR","77038"
"63763","802 LYNGROVE DR","77038"
"63838","826 FRAZER LN","77038"
"63995","827 TURNEY DR","77038"
"64017","806 FRAZER LN","77038"
"64018","826 LYNGROVE DR","77038"
"64028","9430 SUNNYWOOD DR","77038"
"64103","9402 SUNNYWOOD DR","77038"
"64118","803 FRAZER LN","77038"
"64119","823 TURNEY DR","77038"
"64462","810 LYNGROVE DR","77038"
"64632","819 TURNEY DR","77038"
"64853","822 FRAZER LN","77038"
"68768","7002 BENT BRANCH DR","77088"
"68805","7022 WAGONWHEEL LN","77088"
"68931","5611 BENT BOUGH LN","77088"
"69041","7011 WAGONWHEEL LN","77088"
"70089","807 TURNEY DR","77038"
"70130","2207 AVENELL RD","77034"
"70149","802 FRAZER LN","77038"
"70557","2231 AVENELL RD","77034"
"72058","6918 BENT BRANCH DR","77088"
"72099","7003 BENT BRANCH DR","77088"
"75589","6007 MARWOOD DR","77396"
"78173","2211 AVENELL RD","77034"
"78808","2203 AVENELL RD","77034"
"81907","14203 GOWLAND ST","77045"
"84810","11830 FLUSHING MEADOWS DR","77089"
"85242","14211 BLIGH ST","77045"
"85279","4011 DALMATIAN DR","77045"
"85280","4323 DALMATIAN DR","77045"
"88424","6015 MARWOOD DR","77396"
"88450","4715 SAUNDERS RD","77093"
"88452","4708 LANGLEY RD","77093"
"88453","4712 LANGLEY RD","77093"
"88495","4710 LANGLEY RD","77093"
"92088","5007 WAYNE ST","77026"
"92482","14214 MCCADDEN ST","77045"
"92503","2235 AVENELL RD","77034"
"92641","807 FRAZER LN","77038"
"92730","14326 CASTLEREAGH RD","77045"
"92832","822 LYNGROVE DR","77038"
"92867","6842 HEATH ST","77016"
"92915","14303 QUENTION DR","77045"
"92934","3930 TIFFANY DR","77045"
"92954","4118 TRAFALGAR DR","77045"
"93016","811 TURNEY DR","77038"
"93289","823 FRAZER LN","77038"
"93486","3934 TIFFANY DR","77045"
"94713","5430 TRAFALGAR DR","77045"
"95033","9306 VALLEY STREAM ST","77037"
"95163","606 MOSHER LN","77037"
"95217","602 MOSHER LN","77037"
"95518","5420 TRAFALGAR DR","77045"
"95519","5420 TRAFALGAR DR","77045"
"95634","610 MOSHER LN","77037"
"95994","5422 TRAFALGAR DR","77045"
"96170","9314 VALLEY STREAM ST","77037"
"96322","5432 TRAFALGAR DR","77045"
"97124","3114 MARZELLE ST","77093"
"97197","14231 BLIGH ST","77045"
"97198","4310 GALLAGHER DR","77045"
"97489","4314 GALLAGHER DR","77045"
"99578","5438 TRAFALGAR DR","77045"
"99767","14211 GOWLAND ST","77045"
"99769","4027 DALMATIAN DR","77045"
"99782","4310 TRAFALGAR DR","77045"
"99787","4014 TIFFANY DR","77045"
"101341","3115 OJEMAN RD","77080"
"101628","3303 MAYSEL ST","77080"
"101868","3307 FARMINGTON ST","77080"
"101931","7606 THUROW ST","77087"
"101951","8802 THEYSEN DR","77080"
"102008","14202 GOWLAND ST","77045"
"102455","8458 BLANKENSHIP DR","77080"
"104166","14203 BATHURST DR","77045"
"105794","7623 MCHENRY ST","77087"
"106389","2010 NORTHSHORE DR","77339"
"108017","5002 W  HUNTING ST","77026"
"108890","14311 WATERLOO DR","77045"
"109258","14307 WATERLOO DR","77045"
"109470","3110 OJEMAN RD","77080"
"109941","9007 MICHELLE CT","77040"
"111525","5113 LAVENDER ST","77026"
"111526","5114 WIPPRECHT ST","77026"
"111527","5204 WIPPRECHT ST","77026"
"111561","5111 LAVENDER ST","77026"
"111587","5203 PICKFAIR ST","77026"
"111894","8610 GREINER DR","77080"
"112236","5440 TRAFALGAR DR","77045"
"113844","7703 MCHENRY ST","77087"
"115841","13830 ALDINE WESTFIELD RD","77039"
"117663","8638 GREINER DR","77080"
"118009","833 TURNEY DR","77038"
"118020","9404 SUNNYWOOD DR","77038"
"118302","8630 GREINER DR","77080"
"118542","819 FRAZER LN","77038"
"118879","2014 NORTHSHORE DR","77339"
"119962","315 BIZERTE ST","77022"
"120164","8634 GREINER DR","77080"
"120461","14202 FLEETWELL DR","77045"
"120847","14207 GOWLAND ST","77045"
"121011","723 W  RITTENHOUSE RD","77091"
"124699","814 FRAZER LN","77038"
"124941","803 TURNEY DR","77038"
"125007","7707 MCHENRY ST","77087"
"125172","4402 TALINA WAY","77041"
"126029","517 FRAZER LN","77037"
"126454","9202 GUYWOOD ST","77040"
"126950","814 LYNGROVE DR","77038"
"127101","830 LYNGROVE DR","77038"
"128139","818 LYNGROVE DR","77038"
"128181","9422 SUNNYWOOD DR","77038"
"128243","9406 SUNNYWOOD DR","77038"
"128502","815 FRAZER LN","77038"
"128519","7322 SHADY GROVE LN","77040"
"128577","9011 MICHELLE CT","77040"
"128848","9426 SUNNYWOOD DR","77038"
"130261","3715 DALMATIAN DR","77045"
"131935","7331 SHADY GROVE LN","77040"
"134330","9010 MICHELLE CT","77040"
"135667","2419 AVENELL RD","77034"
"138219","4002 DALMATIAN DR","77045"
"140645","2427 AVENELL RD","77034"
"144920","827 FRAZER LN","77038"
"147500","8914 STONEHEARTH LN","77040"
"148407","8814 THEYSEN DR","77080"
"148811","5003 FALLS ST","77026"
"149147","4422 GALLAGHER DR","77045"
"149731","4110 DALMATIAN DR","77045"
"149873","3339 GREENBRANCH DR","77338"
"149953","4407 GALLAGHER DR","77045"
"149954","14214 GOWLAND ST","77045"
"150459","2315 NORTHSHORE DR","77339"
"150637","2302 NORTHSHORE DR","77339"
"151102","2006 NORTHSHORE DR","77339"
"151320","4918 FALLS ST","77026"
"151391","21819 LAKE END DR","77339"
"154141","2511 AVENELL RD","77034"
"154149","2202 NORTHSHORE DR","77339"
"154165","4423 GALLAGHER DR","77045"
"154337","2206 NORTHSHORE DR","77339"
"154541","7655 MCHENRY ST","77087"
"155269","14210 MCCADDEN ST","77045"
"155446","14330 BUFFALO SPEEDWAY","77045"
"155554","4814 DRODDY ST","77091"
"155733","4802 DRODDY ST","77091"
"156432","2306 NORTHSHORE DR","77339"
"156462","2002 NORTHSHORE DR","77339"
"159714","14087 AMBROSE ST","77045"
"159725","4302 TRAFALGAR DR","77045"
"159726","4126 TRAFALGAR DR","77045"
"159756","2118 NORTHSHORE DR","77339"
"161755","14214 BUFFALO SPEEDWAY","77045"
"162676","14211 BUFFALO SPEEDWAY","77045"
"164163","4515 PARDEE ST","77026"
"164164","4515 PARDEE ST","77026"
"164165","4515 PARDEE ST","77026"
"164166","4515 PARDEE ST","77026"
"164305","734 HOMER ST","77091"
"167355","7026 WAGONWHEEL LN","77088"
"167362","14206 BLIGH ST","77045"
"167416","4026 TIFFANY DR","77045"
"167676","14207 BUFFALO SPEEDWAY","77045"
"167678","4334 GALLAGHER DR","77045"
"168475","7018 WAGONWHEEL LN","77088"
"170132","247 BIZERTE ST","77022"
"171548","307 BIZERTE ST","77022"
"172723","509 FRAZER LN","77037"
"172891","10513 PEACH ST","77093"
"173500","2515 AVENELL RD","77034"
"175634","12830 NYACK DR","77089"
"178395","9003 LANGFIELD RD","77040"
"178515","11907 FLUSHING MEADOWS DR","77089"
"178962","12807 NYACK DR","77089"
"179193","2503 AVENELL RD","77034"
"180069","2315 AVENELL RD","77034"
"180151","4810 DRODDY ST","77091"
"181070","3923 DALMATIAN DR","77045"
"181559","11919 FLUSHING MEADOWS DR","77089"
"181824","4818 DRODDY ST","77091"
"182578","303 BIZERTE ST","77022"
"183513","4110 TRAFALGAR DR","77045"
"183797","729 ROSIE ST","77091"
"185056","715 GRANVILLE DR","77091"
"185234","736 DILLARD ST","77091"
"185235","736 DILLARD ST","77091"
"185880","818 FRAZER LN","77038"
"186196","806 LYNGROVE DR","77038"
"186197","9418 SUNNYWOOD DR","77038"
"186217","810 FRAZER LN","77038"
"186470","9011 LANGFIELD RD","77040"
"186591","7314 SHADY GROVE LN","77040"
"186903","811 FRAZER LN","77038"
"186905","9414 SUNNYWOOD DR","77038"
"187189","815 TURNEY DR","77038"
"187215","5403 LONG CREEK LN","77088"
"188483","2219 AVENELL RD","77034"
"188933","735 GRANVILLE DR","77091"
"190230","4418 DALMATIAN DR","77045"
"190731","14318 CASTLEREAGH RD","77045"
"191201","717 GRANVILLE DR","77091"
"191522","731 ROSIE ST","77091"
"193538","12818 NYACK DR","77089"
"194604","529 MARLEEN ST","77034"
"195210","7222 WILLIAMS ST","77040"
"195406","14215 FLEETWELL DR","77045"
"195717","9007 LANGFIELD RD","77040"
"195721","7342 SHADY GROVE LN","77040"
"198515","3834 DALMATIAN DR","77045"
"198957","118 BASIN ST","77365"
"198958","90 MAIN ST","77365"
"198962","14207 BATHURST DR","77045"
"198968","9739 LAKEVIEW","77365"
"198969","76 LAKEVIEW","77365"
"198982","70 LAKEVIEW","77365"
"198983","14 HUENI RD","77365"
"198984","44 MORNINGSIDE ST","77365"
"199001","68 LAKEVIEW","77365"
"199003","119 BASIN ST","77365"
"199004","121 BUCAN ST","77365"
"199005","45 MORNINGSIDE ST","77365"
"199012","47 MORNINGSIDE ST","77365"
"199014","54 WALDEN WOODS","77365"
"199023","96 MORNINGSIDE ST","77365"
"199032","113 MORNINGSIDE ST","77365"
"199033","113 MORNINGSIDE ST","77365"
"199052","98 MORNINGSIDE ST","77365"
"199089","107 BASIN ST","77365"
"199110","3543 MORNINGSIDE","77365"
"199189","2415 AVENELL RD","77034"
"199710","4435 GALLAGHER DR","77045"
"199739","4319 GALLAGHER DR","77045"
"200665","2534 THELMA DR","77338"
"201980","8806 THEYSEN DR","77080"
"202501","735 PICKERING ST","77091"
"202633","733 GRANVILLE DR","77091"
"202914","8602 SONNEVILLE DR","77080"
"203235","739 GRANVILLE DR","77091"
"203297","3111 FARMINGTON ST","77080"
"205788","9310 VALLEY STREAM ST","77037"
"205847","622 MOSHER LN","77037"
"209253","3911 DALMATIAN DR","77045"
"209306","7402 SHADY GROVE LN","77040"
"209321","4306 GALLAGHER DR","77045"
"209327","9010 LANGFIELD RD","77040"
"209360","5402 BENT BOUGH LN","77088"
"209390","6223 KATY HOCKLEY CUT OFF RD","77493"
"209391","7290 SHADY CORNERS LN","77040"
"209469","7318 SHADY GROVE LN","77040"
"209785","4606 PARDEE ST","77026"
"209786","4606 PARDEE ST","77026"
"209787","4606 PARDEE ST","77026"
"209788","4606 PARDEE ST","77026"
"210286","2503 RIVER CREST DR","77338"
"210300","740 LOVERS LN","77091"
"212375","7286 SHADY CORNERS LN","77040"
"212384","7334 SHADY GROVE LN","77040"
"213647","10803 ROYAL PINE DR","77093"
"213791","2904 BARKSDALE DR","77093"
"213835","12810 NYACK DR","77089"
"214489","12806 NYACK DR","77089"
"216537","14206 BUFFALO SPEEDWAY","77045"
"216574","3914 TIFFANY DR","77045"
"216665","4330 GALLAGHER DR","77045"
"216696","3815 DALMATIAN DR","77045"
"216722","4122 DALMATIAN DR","77045"
"216794","4019 DALMATIAN DR","77045"
"217135","3726 DALMATIAN DR","77045"
"217322","12815 GOTHAM DR","77089"
"218772","12819 GOTHAM DR","77089"
"220848","4010 TIFFANY DR","77045"
"220967","3802 TIFFANY DR","77045"
"220988","3922 TIFFANY DR","77045"
"221413","4335 GALLAGHER DR","77045"
"228441","3810 TIFFANY DR","77045"
"228481","14419 WHITE HEATHER DR","77045"
"228493","3814 TIFFANY DR","77045"
"230693","732 ROSIE ST","77091"
"231066","4343 DALMATIAN DR","77045"
"233319","747 W  RITTENHOUSE RD","77091"
"234418","2319 AVENELL RD","77034"
"239231","2343 AVENELL RD","77034"
"242228","2522 THELMA DR","77338"
"242716","7330 SHADY GROVE LN","77040"
"243720","9014 LANGFIELD RD","77040"
"243998","7335 SHADY GROVE LN","77040"
"252157","48 DOGWOOD LN","77365"
"254134","42 DOGWOOD LN","77365"
"255576","11910 FLUSHING MEADOWS DR","77089"
"273580","9002 LANGFIELD RD","77040"
"275458","3710 WILEY RD","77093"
"275475","3628 WILEY RD","77093"
"275822","5003 LAVENDER ST","77026"
"276951","3705 PARKER RD","77093"
"279004","7326 SHADY GROVE LN","77040"
"279109","9006 LANGFIELD RD","77040"
"279179","7338 SHADY GROVE LN","77040"
"279641","7282 SHADY CORNERS LN","77040"
"280195","4426 DALMATIAN DR","77045"
"284004","2411 1ST ST","77338"
"285423","14525 NELSON ST","77045"
"288299","3915 DALMATIAN DR","77045"
"288983","10518 FOY LN","77093"
"294826","2106 NORTHSHORE DR","77339"
"294874","12826 GOTHAM DR","77089"
"295193","4710 DALMATIAN DR","77045"
"295834","14311 HIRAM CLARKE RD","77045"
"295943","28234 RUBY WAY","77336"
"295944","28234 RUBY WAY","77336"
"296771","3201 LAKEWOOD DR","77093"
"296790","10514 FOY LN","77093"
"296986","3102 MARILYN LN","77093"
"297500","3129 LAKEWOOD DR","77093"
"297766","3102 ORLANDO ST","77093"
"297863","3106 MARZELLE ST","77093"
"298706","3105 ORLANDO ST","77093"
"298707","3105 ORLANDO ST","77093"
"299117","3205 MARZELLE ST","77093"
"302555","3101 ORLANDO ST","77093"
"302768","3118 ORLANDO ST","77093"
"308097","10383 BENTLEY ST","77093"
"310641","3113 MARZELLE ST","77093"
"310688","3117 LAKEWOOD DR","77093"
"311167","737 PICKERING ST","77091"
"311379","14215 BUFFALO SPEEDWAY","77045"
"311639","3106 ORLANDO ST","77093"
"312326","25 DOGWOOD LN","77365"
"312332","47 DOGWOOD LN","77365"
"312419","20319 BELLEAU WOOD DR","77338"
"312592","3110 ORLANDO ST","77093"
"314544","7222 SHADY CORNERS LN","77040"
"314931","7218 SHADY MOSS LN","77040"
"314932","7218 SHADY MOSS LN","77040"
"316543","114 COLLINS PL","77336"
"318490","614 BEAVER BEND RD","77037"
"318491","618 BEAVER BEND RD","77037"
"318492","622 BEAVER BEND RD","77037"
"318874","611 MOSHER LN","77037"
"318905","610 BEAVER BEND RD","77037"
"318949","602 BEAVER BEND RD","77037"
"319322","615 MOSHER LN","77037"
"319323","606 BEAVER BEND RD","77037"
"319390","9319 VALLEY STREAM ST","77037"
"319417","603 MOSHER LN","77037"
"320010","7230 SHADY CORNERS LN","77040"
"320270","12827 NYACK DR","77089"
"320588","41 DOGWOOD LN","77365"
"321363","8626 GREINER DR","77080"
"322558","3111 OJEMAN RD","77080"
"322885","11815 FLUSHING MEADOWS DR","77089"
"323282","9315 VALLEY STREAM ST","77037"
"323354","631 MOSHER LN","77037"
"323446","627 MOSHER LN","77037"
"323474","623 MOSHER LN","77037"
"323687","626 BEAVER BEND RD","77037"
"323982","2431 AVENELL RD","77034"
"325334","106 COLLINS PL","77336"
"325583","9323 VALLEY STREAM ST","77037"
"325584","619 MOSHER LN","77037"
"325853","11818 FLUSHING MEADOWS DR","77089"
"326787","4702 DALMATIAN DR","77045"
"330708","14318 HIRAM CLARKE RD","77045"
"330738","3219 WHITE BLOSSOM LN","77338"
"330955","28 DOGWOOD LN","77365"
"334388","9689 DOGWOOD LN","77365"
"334404","30 DOGWOOD LN","77365"
"334457","36 DOGWOOD LN","77365"
"334516","9650 HUENI RD","77365"
"334684","8610 SONNEVILLE DR","77080"
"334708","8627 SONNEVILLE DR","77080"
"339036","151 HOHLDALE ST","77022"
"339634","607 MOSHER LN","77037"
"339653","630 BEAVER BEND RD","77037"
"341762","339 ISHMEAL ST","77091"
"341889","146 HOHLDALE ST","77022"
"343585","5939 BENT BOUGH LN","77088"
"343785","5931 BENT BOUGH LN","77088"
"343907","6007 DARKWOOD DR","77088"
"343943","6031 DARKWOOD DR","77088"
"344753","351 ISHMEAL ST","77091"
"345843","8606 SONNEVILLE DR","77080"
"345959","2331 AVENELL RD","77034"
"345976","3311 OJEMAN RD","77080"
"346391","509 MARLEEN ST","77034"
"346905","2335 AVENELL RD","77034"
"348052","20327 BELLEAU WOOD DR","77338"
"348069","2110 NORTHSHORE DR","77339"
"348717","7211 SHADY CORNERS LN","77040"
"349612","5951 DARKWOOD DR","77088"
"349992","5407 BENT BOUGH LN","77088"
"350266","7262 SHADY CORNERS LN","77040"
"350291","7250 SHADY CORNERS LN","77040"
"350863","3121 LAKEWOOD DR","77093"
"350970","3109 MARZELLE ST","77093"
"351198","3114 ORLANDO ST","77093"
"351326","537 MARLEEN ST","77034"
"355995","405 RED RIPPLE RD","77091"
"356631","3530 LAKELANE DR","77338"
"356659","836 MOONSHINE HILL RD","77338"
"357064","2219 PATTERSON ST","77007"
"357084","2221 PATTERSON ST","77007"
"357132","2225 PATTERSON ST","77007"
"357133","2223 PATTERSON ST","77007"
"357170","8646 GREINER DR","77080"
"359401","521 MARLEEN ST","77034"
"359522","3310 FARMINGTON ST","77080"
"359536","3303 RYSON ST","77080"
"359553","3307 RYSON ST","77080"
"359866","7246 SHADY CORNERS LN","77040"
"360560","3314 DALMATIAN DR","77045"
"360775","3514 DALMATIAN DR","77045"
"360860","5643 BENT BOUGH LN","77088"
"360881","2104 NORTHSHORE DR","77339"
"360951","5935 DARKWOOD DR","77088"
"361025","5603 CONECREST CT","77088"
"361064","5930 DARKWOOD DR","77088"
"361117","7507 BRUSHY CT","77088"
"361130","5926 DARKWOOD DR","77088"
"361551","6035 DARKWOOD DR","77088"
"361584","6027 DARKWOOD DR","77088"
"361588","5934 DARKWOOD DR","77088"
"361960","5946 BENT BOUGH LN","77088"
"363113","3315 PEAVINE CIR","77080"
"363305","83 HARDIN HOLLY RD","77365"
"363911","8631 SONNEVILLE DR","77080"
"364455","3122 FARMINGTON ST","77080"
"364480","39 DOGWOOD LN","77365"
"365462","3431 SOUTHSHORE DR","77338"
"365628","5102 KASHMERE ST","77026"
"366207","9315 GUYWOOD ST","77040"
"366269","9311 GUYWOOD ST","77040"
"366697","9303 GUYWOOD ST","77040"
"366747","3310 MAYSEL ST","77080"
"366891","201 E  BURRESS ST","77022"
"366892","359 ISHMEAL ST","77091"
"367287","3246 DALMATIAN DR","77045"
"367292","3310 DALMATIAN DR","77045"
"367293","3238 DALMATIAN DR","77045"
"367910","5000 LAVENDER ST","77026"
"369107","20226 BELLEAU WOOD DR","77338"
"369229","5005 PICKFAIR ST","77026"
"369730","7214 SHADY CORNERS LN","77040"
"369739","7270 SHADY CORNERS LN","77040"
"369767","7119 WOODLAND TRAILS DR","77040"
"370229","8614 SONNEVILLE DR","77080"
"370312","3302 OJEMAN RD","77080"
"370313","3314 MAYSEL ST","77080"
"370748","5001 KASHMERE ST","77026"
"371186","3703 GARDENDALE DR","77092"
"371361","11 FARTHER PT","77024"
"371823","7206 SHADY CORNERS LN","77040"
"372207","7235 SHADY CORNERS LN","77040"
"372220","7210 WENWOOD CIR","77040"
"372235","7203 SHADY CORNERS LN","77040"
"373111","8555 SONNEVILLE DR","77080"
"373789","7210 SHADY CORNERS LN","77040"
"373802","7207 SHADY CORNERS LN","77040"
"373831","9243 LANDWOOD DR","77040"
"373861","7107 WOODLAND WEST DR","77040"
"373874","7202 SHADY CORNERS LN","77040"
"373912","7242 SHADY CORNERS LN","77040"
"373941","7115 WOODLAND TRAILS DR","77040"
"373945","7251 SHADY CORNERS LN","77040"
"373963","7218 SHADY CORNERS LN","77040"
"373969","7266 SHADY CORNERS LN","77040"
"373983","3230 DALMATIAN DR","77045"
"374057","7226 SHADY CORNERS LN","77040"
"374167","5104 KASHMERE ST","77026"
"374168","5104 KASHMERE ST","77026"
"374334","7231 SHADY CORNERS LN","77040"
"374467","7239 SHADY CORNERS LN","77040"
"374548","3214 DALMATIAN DR","77045"
"375155","2307 AVENELL RD","77034"
"375722","517 MARLEEN ST","77034"
"376490","505 MARLEEN ST","77034"
"377966","147 HOHLDALE ST","77022"
"378047","513 MARLEEN ST","77034"
"379116","4920 KASHMERE ST","77026"
"379246","4533 PARDEE ST","77026"
"379378","533 MARLEEN ST","77034"
"383124","5009 PICKFAIR ST","77026"
"383594","367 ISHMEAL ST","77091"
"383946","411 RED RIPPLE RD","77091"
"384841","150 HOHLDALE ST","77022"
"384842","150 HOHLDALE ST","77022"
"385121","3518 DALMATIAN DR","77045"
"386304","419 RED RIPPLE RD","77091"
"387103","431 RED RIPPLE RD","77091"
"387375","3117 MARZELLE ST","77093"
"387985","2311 AVENELL RD","77034"
"388898","415 RED RIPPLE RD","77091"
"388948","510 ROSS RD","77339"
"389106","3127 MAYSEL ST","77080"
"389301","56 DOGWOOD LN","77365"
"389675","7111 WOODLAND TRAILS DR","77040"
"390761","7423 BREEZEWAY ST","77040"
"390846","3314 FARMINGTON ST","77080"
"391306","2327 AVENELL RD","77034"
"391370","545 MARLEEN ST","77034"
"392302","7 MORNINGSIDE ST","77365"
"392322","4 MORNINGSIDE ST","77365"
"392630","3311 RYSON ST","77080"
"393728","355 ISHMEAL ST","77091"
"394738","363 ISHMEAL ST","77091"
"394977","3102 FARMINGTON ST","77080"
"395849","8470 GOLD CREEK DR","77080"
"396465","409 RED RIPPLE RD","77091"
"396476","3226 DALMATIAN DR","77045"
"396570","3218 DALMATIAN DR","77045"
"396577","14402 ALMEECE ST","77045"
"396646","3242 DALMATIAN DR","77045"
"396655","3222 DALMATIAN DR","77045"
"396663","3318 DALMATIAN DR","77045"
"397771","3310 RIVIERA LN","77338"
"398522","3302 DALMATIAN DR","77045"
"398579","3210 DALMATIAN DR","77045"
"399056","3402 DALMATIAN DR","77045"
"399481","3250 DALMATIAN DR","77045"
"402563","10 MORNINGSIDE ST","77365"
"402706","3234 DALMATIAN DR","77045"
"403240","427 RED RIPPLE RD","77091"
"406555","21522 LAKE POINT DR","77339"
"406718","5107 KASHMERE ST","77026"
"409083","9817 ROCKCREST DR","77041"
"409960","14327 HIRAM CLARKE RD","77045"
"410626","3504 BAYOU DR","77022"
"416223","20331 BELLEAU WOOD DR","77338"
"420396","8431 BLANKENSHIP DR","77080"
"420406","8435 BLANKENSHIP DR","77080"
"420656","8618 SONNEVILLE DR","77080"
"420657","3315 FARMINGTON ST","77080"
"421047","3307 OJEMAN RD","77080"
"421285","310 TREASURE LN","77339"
"421286","300 TREASURE LN","77339"
"421325","611 FOREST COVE DR","77339"
"421339","21622 LAKE POINT DR","77339"
"423184","103 FOREST COVE DR","77339"
"423282","20322 BELLEAU WOOD DR","77338"
"426102","3106 FARMINGTON ST","77080"
"426270","3202 OJEMAN RD","77080"
"427071","3306 FARMINGTON ST","77080"
"427460","7622 MOSEWOOD ST","77040"
"427462","9307 DEANWOOD ST","77040"
"427503","9210 GUYWOOD ST","77040"
"427506","7427 MOSEWOOD ST","77040"
"427688","7711 BREEZEWAY ST","77040"
"427709","7610 BREEZEWAY ST","77040"
"427762","7702 WILLIAMS ST","77040"
"427991","7718 WILLIAMS ST","77040"
"428187","7618 MOSEWOOD ST","77040"
"428206","7623 MOSEWOOD ST","77040"
"428569","205 LEAGO ST","77022"
"428571","7431 MOSEWOOD ST","77040"
"428580","7710 WILLIAMS ST","77040"
"428589","7619 MOSEWOOD ST","77040"
"428609","7618 WILLIAMS ST","77040"
"428627","7719 BREEZEWAY ST","77040"
"429095","514 SURRATT DR","77091"
"430592","3306 PEAVINE CIR","77080"
"430845","8818 THEYSEN DR","77080"
"432022","3314 PEAVINE CIR","77080"
"433550","3115 MAYSEL ST","77080"
"434754","8559 SONNEVILLE DR","77080"
"435070","7403 TALL PINES DR","77088"
"435228","7407 TALL PINES DR","77088"
"435668","7339 TALL PINES DR","77088"
"436369","7418 MAPLE TREE DR","77088"
"438220","423 RED RIPPLE RD","77091"
"438274","515 SURRATT DR","77091"
"438698","3324 BAYOU DR","77022"
"438699","3324 BAYOU DR","77022"
"440804","7606 BREEZEWAY ST","77040"
"442106","541 MARLEEN ST","77034"
"443116","9311 VANWOOD ST","77040"
"443397","9214 VANWOOD ST","77040"
"443571","9306 VANWOOD ST","77040"
"443665","9326 VANWOOD ST","77040"
"443936","7719 MOSEWOOD ST","77040"
"443937","7618 BREEZEWAY ST","77040"
"444211","9215 GUYWOOD ST","77040"
"444234","7423 MOSEWOOD ST","77040"
"444237","7422 WILLIAMS ST","77040"
"444248","7506 BREEZEWAY ST","77040"
"444249","7607 BREEZEWAY ST","77040"
"444254","9214 GUYWOOD ST","77040"
"444255","9302 DEANWOOD ST","77040"
"444264","7702 MOSEWOOD ST","77040"
"444265","9227 VANWOOD ST","77040"
"444380","7431 BREEZEWAY ST","77040"
"444543","9323 GUYWOOD ST","77040"
"444545","7514 WILLIAMS ST","77040"
"444549","9218 VANWOOD ST","77040"
"444568","7410 BREEZEWAY ST","77040"
"444609","9314 VANWOOD ST","77040"
"444620","7403 BREEZEWAY ST","77040"
"444658","7730 BREEZEWAY ST","77040"
"444757","7706 BREEZEWAY ST","77040"
"444758","7506 WILLIAMS ST","77040"
"444771","9307 VANWOOD ST","77040"
"444776","7214 WENWOOD CIR","77040"
"444782","9227 GUYWOOD ST","77040"
"444796","7515 BREEZEWAY ST","77040"
"444800","7718 MOSEWOOD ST","77040"
"444803","7615 BREEZEWAY ST","77040"
"444832","9222 VANWOOD ST","77040"
"444843","7722 WILLIAMS ST","77040"
"444865","7731 MOSEWOOD ST","77040"
"444866","7718 BREEZEWAY ST","77040"
"444871","7426 BREEZEWAY ST","77040"
"444880","7507 BREEZEWAY ST","77040"
"446562","7614 WILLIAMS ST","77040"
"446574","9322 GUYWOOD ST","77040"
"446589","7503 MOSEWOOD ST","77040"
"446614","7722 MOSEWOOD ST","77040"
"446615","7623 BREEZEWAY ST","77040"
"446680","7703 BREEZEWAY ST","77040"
"446711","7611 BREEZEWAY ST","77040"
"447061","7514 MOSEWOOD ST","77040"
"447091","7607 MOSEWOOD ST","77040"
"447133","5005 WIPPRECHT ST","77026"
"450062","7506 MOSEWOOD ST","77040"
"450086","7623 VERNWOOD ST","77040"
"450094","9335 GUYWOOD ST","77040"
"450113","7510 MOSEWOOD ST","77040"
"450123","7510 WILLIAMS ST","77040"
"450143","7710 BREEZEWAY ST","77040"
"450146","7430 BREEZEWAY ST","77040"
"450155","7714 MOSEWOOD ST","77040"
"450167","7714 BREEZEWAY ST","77040"
"450212","9310 DEANWOOD ST","77040"
"450215","7610 MOSEWOOD ST","77040"
"450220","9331 GUYWOOD ST","77040"
"450221","9343 GUYWOOD ST","77040"
"450222","7703 MOSEWOOD ST","77040"
"450223","7602 BREEZEWAY ST","77040"
"450225","7606 WILLIAMS ST","77040"
"450236","7407 BREEZEWAY ST","77040"
"450250","9211 GUYWOOD ST","77040"
"450252","7411 BREEZEWAY ST","77040"
"450253","9339 GUYWOOD ST","77040"
"450254","7615 VERNWOOD ST","77040"
"450287","7715 BREEZEWAY ST","77040"
"450288","7610 WILLIAMS ST","77040"
"450290","7707 MOSEWOOD ST","77040"
"450379","7622 WILLIAMS ST","77040"
"450497","7723 BREEZEWAY ST","77040"
"450514","7503 BREEZEWAY ST","77040"
"450578","9310 VANWOOD ST","77040"
"450590","7614 MOSEWOOD ST","77040"
"450607","7619 BREEZEWAY ST","77040"
"450762","7715 MOSEWOOD ST","77040"
"450763","7603 MOSEWOOD ST","77040"
"450807","9307 GUYWOOD ST","77040"
"450855","9303 VANWOOD ST","77040"
"450895","7606 MOSEWOOD ST","77040"
"450914","7619 VERNWOOD ST","77040"
"451076","7422 BREEZEWAY ST","77040"
"451077","7714 WILLIAMS ST","77040"
"451080","9318 GUYWOOD ST","77040"
"451094","7511 BREEZEWAY ST","77040"
"451112","7722 BREEZEWAY ST","77040"
"451583","51 DOGWOOD LN","77365"
"451907","7706 WILLIAMS ST","77040"
"451968","9226 VANWOOD ST","77040"
"451970","7427 BREEZEWAY ST","77040"
"455021","7702 BREEZEWAY ST","77040"
"455037","7711 MOSEWOOD ST","77040"
"455040","7418 BREEZEWAY ST","77040"
"455089","7602 WILLIAMS ST","77040"
"455405","7502 BREEZEWAY ST","77040"
"455461","7707 BREEZEWAY ST","77040"
"455467","7254 SHADY CORNERS LN","77040"
"459627","17202 IMPERIAL VALLEY DR","77060"
"459639","17202 IMPERIAL VALLEY DR","77060"
"459640","17202 IMPERIAL VALLEY DR","77060"
"459641","17202 IMPERIAL VALLEY DR","77060"
"459642","17202 IMPERIAL VALLEY DR","77060"
"459643","17202 IMPERIAL VALLEY DR","77060"
"459644","17202 IMPERIAL VALLEY DR","77060"
"459645","17202 IMPERIAL VALLEY DR","77060"
"459646","17202 IMPERIAL VALLEY DR","77060"
"459659","17202 IMPERIAL VALLEY DR","77060"
"459660","17202 IMPERIAL VALLEY DR","77060"
"459661","17202 IMPERIAL VALLEY DR","77060"
"459662","17202 IMPERIAL VALLEY DR","77060"
"459669","17202 IMPERIAL VALLEY DR","77060"
"459676","17202 IMPERIAL VALLEY DR","77060"
"459677","17202 IMPERIAL VALLEY DR","77060"
"459678","17202 IMPERIAL VALLEY DR","77060"
"459679","17202 IMPERIAL VALLEY DR","77060"
"459690","17202 IMPERIAL VALLEY DR","77060"
"459691","17202 IMPERIAL VALLEY DR","77060"
"459692","17202 IMPERIAL VALLEY DR","77060"
"459699","17202 IMPERIAL VALLEY DR","77060"
"459702","17202 IMPERIAL VALLEY DR","77060"
"459707","17202 IMPERIAL VALLEY DR","77060"
"459711","17202 IMPERIAL VALLEY DR","77060"
"459726","17202 IMPERIAL VALLEY DR","77060"
"459728","17202 IMPERIAL VALLEY DR","77060"
"459729","17202 IMPERIAL VALLEY DR","77060"
"459743","17202 IMPERIAL VALLEY DR","77060"
"459750","17202 IMPERIAL VALLEY DR","77060"
"459751","17202 IMPERIAL VALLEY DR","77060"
"459775","17202 IMPERIAL VALLEY DR","77060"
"459778","17202 IMPERIAL VALLEY DR","77060"
"459781","17202 IMPERIAL VALLEY DR","77060"
"459782","17202 IMPERIAL VALLEY DR","77060"
"459785","17202 IMPERIAL VALLEY DR","77060"
"459786","17202 IMPERIAL VALLEY DR","77060"
"459804","17202 IMPERIAL VALLEY DR","77060"
"459812","17202 IMPERIAL VALLEY DR","77060"
"459819","17202 IMPERIAL VALLEY DR","77060"
"459834","17202 IMPERIAL VALLEY DR","77060"
"459850","2339 AVENELL RD","77034"
"459875","17202 IMPERIAL VALLEY DR","77060"
"459880","17202 IMPERIAL VALLEY DR","77060"
"459882","17202 IMPERIAL VALLEY DR","77060"
"459896","17202 IMPERIAL VALLEY DR","77060"
"462268","5606 CONECREST CT","77088"
"462316","7410 MAPLE TREE DR","77088"
"466090","343 ISHMEAL ST","77091"
"466092","9318 VANWOOD ST","77040"
"466180","9319 GUYWOOD ST","77040"
"468438","7615 MOSEWOOD ST","77040"
"468440","7511 MOSEWOOD ST","77040"
"468456","7518 WILLIAMS ST","77040"
"468500","7515 MOSEWOOD ST","77040"
"469052","7422 MAPLE TREE DR","77088"
"469116","7414 MAPLE TREE DR","77088"
"469150","7406 MAPLE TREE DR","77088"
"469388","7502 BRUSH WOOD DR","77088"
"469511","3906 GALWAY LN","77080"
"469537","4921 KASHMERE ST","77026"
"469608","5631 BENT BOUGH LN","77088"
"469655","5639 BENT BOUGH LN","77088"
"469657","7411 TALL PINES DR","77088"
"469680","7111 BAYOU FOREST DR","77088"
"469693","5623 BENT BOUGH LN","77088"
"469730","5627 BENT BOUGH LN","77088"
"469819","7415 TALL PINES DR","77088"
"469896","7507 MOSEWOOD ST","77040"
"469920","9306 DEANWOOD ST","77040"
"471130","5114 LAVENDER ST","77026"
"471159","4633 PARDEE ST","77026"
"471920","347 ISHMEAL ST","77091"
"472689","9322 VANWOOD ST","77040"
"473657","7710 MOSEWOOD ST","77040"
"473679","7603 BREEZEWAY ST","77040"
"473753","7258 SHADY CORNERS LN","77040"
"476337","5422 MINDEN ST","77026"
"477982","4507 PARDEE ST","77026"
"477983","4507 PARDEE ST","77026"
"477984","4507 PARDEE ST","77026"
"479195","335 ISHMEAL ST","77091"
"479233","9401 SWEETWATER LN","77037"
"481992","5410 ARNCLIFFE DR","77088"
"482047","7807 STREAMSIDE DR","77088"
"482179","5927 DARKWOOD DR","77088"
"482339","5938 DARKWOOD DR","77088"
"482380","5918 DARKWOOD DR","77088"
"482613","6023 DARKWOOD DR","77088"
"482732","5943 BENT BOUGH LN","77088"
"482791","5927 BENT BOUGH LN","77088"
"483211","5911 DARKWOOD DR","77088"
"483231","6003 DARKWOOD DR","77088"
"483464","5938 BENT BOUGH LN","77088"
"483736","6015 DARKWOOD DR","77088"
"483741","5915 DARKWOOD DR","77088"
"483945","7103 BAYOU FOREST DR","77088"
"486050","5939 DARKWOOD DR","77088"
"486309","5919 DARKWOOD DR","77088"
"486533","6019 DARKWOOD DR","77088"
"488358","6011 DARKWOOD DR","77088"
"489245","9326 GUYWOOD ST","77040"
"490053","4118 DALMATIAN DR","77045"
"490054","4342 DALMATIAN DR","77045"
"492149","7107 BAYOU FOREST DR","77088"
"492340","5647 BENT BOUGH LN","77088"
"492383","14203 BLIGH ST","77045"
"492407","5923 DARKWOOD DR","77088"
"492454","3110 MAYSEL ST","77080"
"494362","5406 ARNCLIFFE DR","77088"
"494507","7407 DEEP FOREST DR","77088"
"494519","5935 BENT BOUGH LN","77088"
"495377","2323 AVENELL RD","77034"
"495450","7419 TALL PINES DR","77088"
"496283","5326 TRAFALGAR DR","77045"
"496701","3306 DALMATIAN DR","77045"
"498694","2239 AVENELL RD","77034"
"499132","2507 AVENELL RD","77034"
"499303","2443 AVENELL RD","77034"
"500606","7822 MAPLE TREE DR","77088"
"501357","14206 FLEETWELL DR","77045"
"501777","14206 GOWLAND ST","77045"
"502428","5010 WAYNE ST","77026"
"502688","7115 BAYOU FOREST DR","77088"
"503693","14202 MCCADDEN ST","77045"
"509226","14202 BUFFALO SPEEDWAY","77045"
"512113","603 MARLEEN ST","77034"
"512749","506 SURRATT DR","77091"
"512807","435 RED RIPPLE RD","77091"
"512829","4918 KASHMERE ST","77026"
"516577","5630 OAKHAM ST","77085"
"516685","5626 OAKHAM ST","77085"
"518702","5001 LAVENDER ST","77026"
"518703","5001 LAVENDER ST","77026"
"519574","14203 FLEETWELL DR","77045"
"519588","9223 GUYWOOD ST","77040"
"520098","4919 FALLS ST","77026"
"520189","1403 WRIGHTWOOD ST","77009"
"520224","9219 GUYWOOD ST","77040"
"522299","4822 EDGEWATER DR","77093"
"523297","7726 BREEZEWAY ST","77040"
"523932","4339 DALMATIAN DR","77045"
"524060","4326 GALLAGHER DR","77045"
"524068","7726 WILLIAMS ST","77040"
"524072","7419 MOSEWOOD ST","77040"
"524109","7510 BREEZEWAY ST","77040"
"524158","10902 SAGEORCHARD LN","77089"
"524159","7731 BREEZEWAY ST","77040"
"524504","9327 GUYWOOD ST","77040"
"524515","7723 MOSEWOOD ST","77040"
"524551","7611 MOSEWOOD ST","77040"
"524781","9231 VANWOOD ST","77040"
"525312","10902 SAGELEAF LN","77089"
"525834","12107 FLUSHING MEADOWS DR","77089"
"526537","5931 DARKWOOD DR","77088"
"527204","7706 MOSEWOOD ST","77040"
"527302","7614 BREEZEWAY ST","77040"
"527303","7514 BREEZEWAY ST","77040"
"527566","4421 SIMSBROOK DR","77045"
"528046","7414 BREEZEWAY ST","77040"
"529337","5004 LAVENDER ST","77026"
"530683","14210 FLEETWELL DR","77045"
"530684","14219 FLEETWELL DR","77045"
"530685","14214 FLEETWELL DR","77045"
"531119","14218 BLIGH ST","77045"
"531392","14211 BATHURST DR","77045"
"531463","14219 BLIGH ST","77045"
"531566","4418 GALLAGHER DR","77045"
"531643","14215 BATHURST DR","77045"
"532053","10902 SAGECREST LN","77089"
"533779","14322 CASTLEREAGH RD","77045"
"533804","7335 TALL PINES DR","77088"
"535662","4722 DALMATIAN DR","77045"
"535869","14323 BUFFALO SPEEDWAY","77045"
"535931","14310 WATERLOO DR","77045"
"536607","3206 DALMATIAN DR","77045"
"537070","10903 SAGECREST LN","77089"
"537563","14327 BUFFALO SPEEDWAY","77045"
"539142","8434 GOLD CREEK DR","77080"
"539166","8426 GOLD CREEK DR","77080"
"539529","7622 BREEZEWAY ST","77040"
"539855","14302 WATERLOO DR","77045"
"540231","14315 BUFFALO SPEEDWAY","77045"
"540240","3414 DALMATIAN DR","77045"
"540327","14215 GOWLAND ST","77045"
"540542","3406 DALMATIAN DR","77045"
"540567","3506 DALMATIAN DR","77045"
"541473","5104 GALLAGHER DR","77045"
"543209","5122 GALLAGHER DR","77045"
"543476","4606 DALMATIAN DR","77045"
"545253","4341 CITADEL LN","77092"
"546252","8426 BLANKENSHIP DR","77080"
"546443","8439 BLANKENSHIP DR","77080"
"546468","8475 SONNEVILLE DR","77080"
"546476","8402 BLANKENSHIP DR","77080"
"546758","8442 BLANKENSHIP DR","77080"
"546817","8430 BLANKENSHIP DR","77080"
"547003","8419 GOLD CREEK DR","77080"
"547034","8443 BLANKENSHIP DR","77080"
"547036","8479 SONNEVILLE DR","77080"
"547044","87 MAGNOLIA DR","77365"
"547113","8406 GOLD CREEK DR","77080"
"547326","3107 FARMINGTON ST","77080"
"547546","8427 BLANKENSHIP DR","77080"
"547547","8471 SONNEVILLE DR","77080"
"547592","8431 SONNEVILLE DR","77080"
"547738","8435 SONNEVILLE DR","77080"
"547765","8438 BLANKENSHIP DR","77080"
"547833","12815 NYACK DR","77089"
"547839","3102 MAYSEL ST","77080"
"547841","8418 GOLD CREEK DR","77080"
"547842","3106 MAYSEL ST","77080"
"547853","8466 GOLD CREEK DR","77080"
"547854","8447 SONNEVILLE DR","77080"
"547875","8410 GOLD CREEK DR","77080"
"547884","11935 FLUSHING MEADOWS DR","77089"
"547885","8450 GOLD CREEK DR","77080"
"547896","8422 GOLD CREEK DR","77080"
"548027","8439 GOLD CREEK DR","77080"
"551217","14319 BUFFALO SPEEDWAY","77045"
"553808","11003 SAGEHILL DR","77089"
"553870","8458 GOLD CREEK DR","77080"
"553871","8455 SONNEVILLE DR","77080"
"553894","8410 BLANKENSHIP DR","77080"
"553917","8430 GOLD CREEK DR","77080"
"554072","8438 GOLD CREEK DR","77080"
"554090","9822 BROOKSHIRE ST","77041"
"554106","8454 GOLD CREEK DR","77080"
"554107","8451 SONNEVILLE DR","77080"
"554224","8447 BLANKENSHIP DR","77080"
"554281","8435 GOLD CREEK DR","77080"
"554282","9818 BROOKSHIRE ST","77041"
"554297","8414 GOLD CREEK DR","77080"
"554352","8443 GOLD CREEK DR","77080"
"554427","11911 FLUSHING MEADOWS DR","77089"
"554574","8459 SONNEVILLE DR","77080"
"554612","8483 SONNEVILLE DR","77080"
"554962","8442 GOLD CREEK DR","77080"
"554992","8467 SONNEVILLE DR","77080"
"556603","7419 BREEZEWAY ST","77040"
"560002","10727 HINDS ST","77034"
"560385","8463 SONNEVILLE DR","77080"
"560711","7415 BREEZEWAY ST","77040"
"560813","5106 WIPPRECHT ST","77026"
"560814","5106 WIPPRECHT ST","77026"
"562651","4622 DALMATIAN DR","77045"
"564558","8462 GOLD CREEK DR","77080"
"567068","8446 GOLD CREEK DR","77080"
"567176","5119 CHANTILLY LN","77092"
"567192","5115 CHANTILLY LN","77092"
"567428","4215 SIMSBROOK DR","77045"
"569608","5415 ARNCLIFFE DR","77088"
"570018","3006 BRONTON ST","77092"
"570133","4614 DALMATIAN DR","77045"
"570548","3702 GARDENDALE DR","77018"
"571058","5028 GALLAGHER DR","77045"
"571088","5414 ARNCLIFFE DR","77088"
"571890","3714 GARDENDALE DR","77092"
"572113","14319 HIRAM CLARKE RD","77045"
"572158","3707 GARDENDALE DR","77092"
"572160","3015 W  T C JESTER BLVD","77018"
"572588","3014 BRONTON ST","77092"
"574444","14331 BUFFALO SPEEDWAY","77045"
"574537","3510 DALMATIAN DR","77045"
"574738","3410 DALMATIAN DR","77045"
"576720","5910 SAXON DR","77092"
"576721","5918 SAXON DR","77092"
"579118","2407 AVENELL RD","77034"
"579379","2423 AVENELL RD","77034"
"580737","4826 DALMATIAN DR","77045"
"582677","5419 ARNCLIFFE DR","77088"
"587304","5106 HIRSCH RD","77026"
"589312","5221 SIMSBROOK DR","77045"
"589313","5223 SIMSBROOK DR","77045"
"592597","4507 CYPRESS GROVE LN","77088"
"592664","4418 CYPRESS GROVE LN","77088"
"592698","7015 SILVER LEAF LN","77088"
"592740","4331 BLACK MAPLE LN","77088"
"593114","14210 BUFFALO SPEEDWAY","77045"
"593727","2439 AVENELL RD","77034"
"594101","4618 DALMATIAN DR","77045"
"594255","1529 E  32ND 1/2 ST","77022"
"594261","1525 E  32ND 1/2 ST","77022"
"594421","1512 E  33RD ST","77022"
"594527","1526 E  32ND 1/2 ST","77022"
"594563","1522 E  32ND 1/2 ST","77022"
"595508","2403 AVENELL RD","77034"
"595569","2303 AVENELL RD","77034"
"595717","12103 FLUSHING MEADOWS DR","77089"
"597902","12823 SANDY HOOK DR","77089"
"597985","11807 FLUSHING MEADOWS DR","77089"
"598431","11826 FLUSHING MEADOWS DR","77089"
"598983","1431 E  34TH ST","77022"
"599042","5402 ARNCLIFFE DR","77088"
"602849","11819 FLUSHING MEADOWS DR","77089"
"603083","11822 FLUSHING MEADOWS DR","77089"
"603508","5015 GALLAGHER DR","77045"
"604048","139 LAKESIDE LN","77339"
"606075","7810 MAPLE TREE DR","77088"
"608087","4806 SAUNDERS RD","77093"
"608088","4802 SAUNDERS RD","77093"
"608514","10503 PEACH ST","77093"
"608536","4715 TERRELL ST","77093"
"608537","4715 TERRELL ST","77093"
"610308","14234 BLIGH ST","77045"
"612031","6814 HEATH ST","77016"
"612126","10731 HINDS ST","77034"
"612505","610 ROSS RD","77339"
"612510","522 ROSS RD","77339"
"612600","5012 LOS ANGELES ST","77026"
"612629","5009 WAYNE ST","77026"
"612679","5004 LOS ANGELES ST","77026"
"612680","5008 LOS ANGELES ST","77026"
"612681","5008 LOS ANGELES ST","77026"
"615087","6826 HEATH ST","77016"
"615242","6818 HEATH ST","77016"
"615260","6822 HEATH ST","77016"
"615473","6830 HEATH ST","77016"
"615634","6834 HEATH ST","77016"
"616053","6810 HEATH ST","77016"
"616386","6850 HEATH ST","77016"
"617469","2944 BRIARWICK LN","77093"
"617476","2902 BRIARWICK LN","77093"
"617477","2914 BRIARWICK LN","77093"
"617478","2911 BRIARWICK LN","77093"
"617479","2920 BRIARWICK LN","77093"
"617480","2924 BRIARWICK LN","77093"
"617481","2928 BRIARWICK LN","77093"
"617482","10601 FOY LN","77093"
"617483","10607 FOY LN","77093"
"617484","2906 BRIARWICK LN","77093"
"617500","2903 BRIARWICK LN","77093"
"617511","2934 MARILYN LN","77093"
"617517","10517 FOY LN","77093"
"617524","2910 BRIARWICK LN","77093"
"617525","2907 BRIARWICK LN","77093"
"617528","2940 BRIARWICK LN","77093"
"617529","2948 BRIARWICK LN","77093"
"617539","10405 FOY LN","77093"
"617545","10501 FOY LN","77093"
"617588","10505 FOY LN","77093"
"617641","10409 FOY LN","77093"
"617862","5906 SAXON DR","77092"
"619999","6806 HEATH ST","77016"
"620654","6846 HEATH ST","77016"
"621397","549 MARLEEN ST","77034"
"622268","3007 W  T C JESTER BLVD","77018"
"622754","4203 DALMATIAN DR","77045"
"623665","14207 BLIGH ST","77045"
"625411","14403 WHITE HEATHER DR","77045"
"625753","4818 EDGEWATER DR","77093"
"626018","3831 DALMATIAN DR","77045"
"626235","4435 DALMATIAN DR","77045"
"626717","14315 HIRAM CLARKE RD","77045"
"627430","5330 SAXON DR","77092"
"627485","6802 HEATH ST","77016"
"629218","3711 DALMATIAN DR","77045"
"629368","4410 DALMATIAN DR","77045"
"630133","14222 BLIGH ST","77045"
"630717","14326 HIRAM CLARKE RD","77045"
"630951","12807 SANDY HOOK DR","77089"
"631167","4111 DALMATIAN DR","77045"
"631719","4426 GALLAGHER DR","77045"
"631865","4419 GALLAGHER DR","77045"
"631866","4346 DALMATIAN DR","77045"
"631868","4411 GALLAGHER DR","77045"
"632231","3011 W  T C JESTER BLVD","77018"
"632602","4014 DALMATIAN DR","77045"
"632660","4326 TRAFALGAR DR","77045"
"632763","3827 DALMATIAN DR","77045"
"632811","4206 DALMATIAN DR","77045"
"633066","5003 LOS ANGELES ST","77026"
"633089","4211 PARDEE ST","77026"
"633090","4211 PARDEE ST","77026"
"633091","4211 PARDEE ST","77026"
"635518","502 WESTMONT DR","77015"
"635948","3710 GARDENDALE DR","77092"
"636814","5606 SAXON DR","77092"
"637623","4327 GALLAGHER DR","77045"
"637672","14230 GOWLAND ST","77045"
"639673","12830 GOTHAM DR","77089"
"639854","304 TREASURE LN","77339"
"641085","3738 TIFFANY DR","77045"
"642801","12822 NYACK DR","77089"
"643843","12834 GOTHAM DR","77089"
"644532","3502 DALMATIAN DR","77045"
"645693","3010 BRONTON ST","77092"
"645883","14219 BATHURST DR","77045"
"646583","7519 MOSEWOOD ST","77040"
"646683","7602 MOSEWOOD ST","77040"
"646684","9226 GUYWOOD ST","77040"
"646704","9306 GUYWOOD ST","77040"
"646705","9218 GUYWOOD ST","77040"
"646706","7234 SHADY CORNERS LN","77040"
"646744","9222 GUYWOOD ST","77040"
"646745","7238 SHADY CORNERS LN","77040"
"646769","9230 GUYWOOD ST","77040"
"646815","7303 WILLIAMS ST","77040"
"646830","7307 WILLIAMS ST","77040"
"646833","7311 WILLIAMS ST","77040"
"646863","7315 WILLIAMS ST","77040"
"646864","7310 SHADY GROVE LN","77040"
"646896","9015 LANGFIELD RD","77040"
"646898","7406 SHADY GROVE LN","77040"
"646911","7419 WILLIAMS ST","77040"
"646912","7415 WILLIAMS ST","77040"
"646913","7411 WILLIAMS ST","77040"
"646914","7407 WILLIAMS ST","77040"
"646937","7423 WILLIAMS ST","77040"
"646948","7319 WILLIAMS ST","77040"
"646950","7403 WILLIAMS ST","77040"
"646978","7427 WILLIAMS ST","77040"
"647342","11827 FLUSHING MEADOWS DR","77089"
"647926","12035 FLUSHING MEADOWS DR","77089"
"648688","5515 CHANTILLY LN","77092"
"649008","10903 SAGEORCHARD LN","77089"
"649320","307 GLENBURNIE DR","77022"
"650235","7719 WILLIAMS ST","77040"
"650239","7511 WILLIAMS ST","77040"
"650240","7503 WILLIAMS ST","77040"
"650243","7611 WILLIAMS ST","77040"
"650245","7707 WILLIAMS ST","77040"
"650269","7519 WILLIAMS ST","77040"
"650272","7603 WILLIAMS ST","77040"
"650274","7607 WILLIAMS ST","77040"
"650282","7727 WILLIAMS ST","77040"
"650285","7515 WILLIAMS ST","77040"
"650286","7507 WILLIAMS ST","77040"
"650290","7703 WILLIAMS ST","77040"
"650292","7711 WILLIAMS ST","77040"
"650304","7715 WILLIAMS ST","77040"
"650305","7615 WILLIAMS ST","77040"
"650307","7619 WILLIAMS ST","77040"
"650318","7623 WILLIAMS ST","77040"
"650845","7206 WENWOOD CIR","77040"
"651419","5326 SAXON DR","77092"
"651460","5322 SAXON DR","77092"
"652035","3418 DALMATIAN DR","77045"
"652231","5522 SAXON DR","77092"
"652258","5602 SAXON DR","77092"
"652385","5618 SAXON DR","77092"
"652737","419 GLENBURNIE DR","77022"
"653116","4015 ANTOINE DR","77092"
"653119","5507 CHANTILLY LN","77092"
"653129","5610 SAXON DR","77092"
"653205","5503 CHANTILLY LN","77092"
"653221","5518 SAXON DR","77092"
"653458","4011 ANTOINE DR","77092"
"655728","10903 SAGELEAF LN","77089"
"656770","427 GLENBURNIE DR","77022"
"657592","4926 SAYERS ST","77026"
"663421","3311 FARMINGTON ST","77080"
"663863","525 MARLEEN ST","77034"
"663933","3303 FARMINGTON ST","77080"
"664284","2411 AVENELL RD","77034"
"664556","4007 ANTOINE DR","77092"
"665631","5511 CHANTILLY LN","77092"
"665767","46 DOGWOOD LN","77365"
"666436","8443 SONNEVILLE DR","77080"
"666455","8439 SONNEVILLE DR","77080"
"666774","11923 FLUSHING MEADOWS DR","77089"
"669049","5513 ENID ST","77009"
"670410","14402 HIRAM CLARKE RD","77045"
"670511","4410 GALLAGHER DR","77045"
"670679","4114 TRAFALGAR DR","77045"
"671567","4822 DALMATIAN DR","77045"
"676292","8451 GOLD CREEK DR","77080"
"676813","742 LOVERS LN","77091"
"676839","14307 QUENTION DR","77045"
"677174","5334 SAXON DR","77092"
"678049","6854 HEATH ST","77016"
"678197","6722 HEATH ST","77016"
"679477","403 GLENBURNIE DR","77022"
"681605","4407 DALMATIAN DR","77045"
"681654","4411 DALMATIAN DR","77045"
"681699","14323 HIRAM CLARKE RD","77045"
"682524","4338 GALLAGHER DR","77045"
"682526","4414 GALLAGHER DR","77045"
"683220","4347 DALMATIAN DR","77045"
"684779","4334 DALMATIAN DR","77045"
"684883","14306 CASTLEREAGH RD","77045"
"684887","14407 WHITE HEATHER DR","77045"
"685024","14406 HIRAM CLARKE RD","77045"
"685132","4642 DALMATIAN DR","77045"
"685224","14402 CASTLEREAGH RD","77045"
"685246","14307 HIRAM CLARKE RD","77045"
"685415","4318 GALLAGHER DR","77045"
"685552","3702 TIFFANY DR","77045"
"685786","4330 DALMATIAN DR","77045"
"686848","220 CORTLANDT ST","77007"
"687459","4322 TRAFALGAR DR","77045"
"687513","3710 TIFFANY DR","77045"
"687523","4207 DALMATIAN DR","77045"
"687814","3739 DALMATIAN DR","77045"
"687816","14226 GOWLAND ST","77045"
"688436","3722 TIFFANY DR","77045"
"688937","3806 TIFFANY DR","77045"
"688973","3723 DALMATIAN DR","77045"
"688990","14322 BUFFALO SPEEDWAY","77045"
"689037","3819 DALMATIAN DR","77045"
"689073","14222 MCCADDEN ST","77045"
"689096","3735 DALMATIAN DR","77045"
"689127","3706 TIFFANY DR","77045"
"689131","4210 DALMATIAN DR","77045"
"689141","14318 BUFFALO SPEEDWAY","77045"
"689587","14219 MCCADDEN ST","77045"
"689945","3707 DALMATIAN DR","77045"
"690029","4718 DALMATIAN DR","77045"
"690044","4335 DALMATIAN DR","77045"
"690086","3906 DALMATIAN DR","77045"
"690166","4638 DALMATIAN DR","77045"
"690214","14223 GOWLAND ST","77045"
"690355","3718 TIFFANY DR","77045"
"690592","4706 DALMATIAN DR","77045"
"691078","4010 DALMATIAN DR","77045"
"691409","5018 ARROWPOINT DR","77022"
"691580","330 ACME CT","77022"
"692364","343 GLENBURNIE DR","77022"
"692666","5018 WERNER ST","77022"
"692677","406 GAMMON DR","77022"
"692706","315 GLENBURNIE DR","77022"
"692741","527 SPELL ST","77022"
"692794","4840 WERNER ST","77022"
"692845","318 BIZERTE ST","77022"
"693270","623 NEST LN","77022"
"693338","526 SPELL ST","77022"
"693435","202 E  BURRESS ST","77022"
"693559","354 SPELL ST","77022"
"695572","735 LOVERS LN","77091"
"695691","350 SPELL ST","77022"
"698519","3935 DALMATIAN DR","77045"
"699170","4810 DALMATIAN DR","77045"
"699232","14303 HIRAM CLARKE RD","77045"
"699965","3206 MARZELLE ST","77093"
"700263","6006 DARKWOOD DR","77088"
"701014","5510 TURFWOOD LN","77088"
"704057","5502 TURFWOOD LN","77088"
"706360","518 SPELL ST","77022"
"706395","322 ACME CT","77022"
"706412","314 GLENBURNIE DR","77022"
"706846","514 SPELL ST","77022"
"706889","610 SPELL ST","77022"
"706970","4135 PLACID ST","77022"
"707397","3807 DALMATIAN DR","77045"
"707435","3734 TIFFANY DR","77045"
"707450","14222 GOWLAND ST","77045"
"707451","3727 DALMATIAN DR","77045"
"707452","14219 GOWLAND ST","77045"
"707493","4331 DALMATIAN DR","77045"
"713957","3114 FARMINGTON ST","77080"
"713987","3302 PEAVINE CIR","77080"
"717196","14322 WHITE HEATHER DR","77045"
"718366","10955 ROYAL PINE DR","77093"
"719921","8454 BLANKENSHIP DR","77080"
"720109","8450 BLANKENSHIP DR","77080"
"720352","3315 OJEMAN RD","77080"
"721839","8402 GOLD CREEK DR","77080"
"722567","4814 DALMATIAN DR","77045"
"722997","3215 HOLLISTER ST","77080"
"723016","3306 KNOLL ST","77080"
"723032","3301 HOLLISTER ST","77080"
"723033","3211 HOLLISTER ST","77080"
"725647","4714 DALMATIAN DR","77045"
"726358","3011 BRONTON ST","77092"
"728027","4006 DALMATIAN DR","77045"
"729438","14314 HIRAM CLARKE RD","77045"
"730194","3719 DALMATIAN DR","77045"
"730594","14226 BLIGH ST","77045"
"730659","5008 WAYNE ST","77026"
"733232","4331 GALLAGHER DR","77045"
"733569","3107 MAYSEL ST","77080"
"734027","3309 LAKEWOOD DR","77093"
"734061","3305 LAKEWOOD DR","77093"
"734337","2919 CRICKET LN","77093"
"734579","14322 HIRAM CLARKE RD","77045"
"734999","3205 LAKEWOOD DR","77093"
"737352","3910 DALMATIAN DR","77045"
"737388","14231 BATHURST DR","77045"
"737933","4102 DALMATIAN DR","77045"
"737950","4326 DALMATIAN DR","77045"
"737951","14319 FLEETWELL DR","77045"
"739496","3914 DALMATIAN DR","77045"
"739844","3214 MARZELLE ST","77093"
"740173","3218 MARZELLE ST","77093"
"740362","10940 ROYAL PINE DR","77093"
"740393","2932 BARKSDALE DR","77093"
"740472","3007 CRICKET LN","77093"
"740483","3012 CHARTER OAKS DR","77093"
"740485","10911 ROYAL PINE DR","77093"
"742041","3202 MARZELLE ST","77093"
"742439","5002 LOS ANGELES ST","77026"
"744752","10963 ROYAL PINE DR","77093"
"744759","2911 SAGEBRUSH DR","77093"
"744770","2951 DURWOOD ST","77093"
"744812","2944 YORKWOOD ST","77093"
"744948","2928 BARKSDALE DR","77093"
"745004","2924 YORKWOOD ST","77093"
"745026","2935 FLEETWOOD ST","77093"
"745122","10923 ROYAL PINE DR","77093"
"745123","2920 BARKSDALE DR","77093"
"745175","2943 FLEETWOOD ST","77093"
"745185","2915 CRICKET LN","77093"
"745414","3008 CHARTER OAKS DR","77093"
"745454","3003 CHARTER OAKS DR","77093"
"747041","5006 LEFFINGWELL ST","77026"
"747846","4610 DALMATIAN DR","77045"
"748670","3209 LAKEWOOD DR","77093"
"749311","5622 OAKHAM ST","77085"
"752361","306 GLENBURNIE DR","77022"
"753052","10919 ROYAL PINE DR","77093"
"753061","3004 CHARTER OAKS DR","77093"
"753074","10915 ROYAL PINE DR","77093"
"753398","2948 FLEETWOOD ST","77093"
"753399","10759 ROYAL PINE DR","77093"
"753432","2907 CRICKET LN","77093"
"753433","2920 ROTHERMEL RD","77093"
"753440","2908 SAGEBRUSH DR","77093"
"753441","2924 FLEETWOOD ST","77093"
"753476","2919 BRIARWICK LN","77093"
"753485","2915 CHARTER OAKS DR","77093"
"753491","10807 ROYAL PINE DR","77093"
"753538","2916 ROTHERMEL RD","77093"
"753547","10951 ROYAL PINE DR","77093"
"753590","10724 ROYAL PINE DR","77093"
"753591","2948 YORKWOOD ST","77093"
"753846","2927 DURWOOD ST","77093"
"753849","3009 CHARTER OAKS DR","77093"
"753854","2940 DURWOOD ST","77093"
"753866","2907 YORKWOOD ST","77093"
"753880","2915 SAGEBRUSH DR","77093"
"753881","2908 YORKWOOD ST","77093"
"753898","2912 FLEETWOOD ST","77093"
"753899","2932 DURWOOD ST","77093"
"753916","2947 ROTHERMEL","77093"
"753985","2916 YORKWOOD ST","77093"
"753987","10711 ROYAL PINE DR","77093"
"754002","2923 FLEETWOOD ST","77093"
"754016","10959 ROYAL PINE DR","77093"
"754019","10947 ROYAL PINE DR","77093"
"754034","2912 SAGEBRUSH DR","77093"
"754035","2916 CHARTER OAKS DR","77093"
"754036","10924 ROYAL PINE DR","77093"
"754037","2940 BARKSDALE DR","77093"
"754057","2947 BRIARWICK LN","77093"
"754073","2924 DURWOOD ST","77093"
"754119","10735 ROYAL PINE DR","77093"
"754143","2908 BARKSDALE DR","77093"
"754162","2931 DURWOOD ST","77093"
"754168","2920 DURWOOD ST","77093"
"754234","2939 BRIARWICK LN","77093"
"754288","2935 DURWOOD ST","77093"
"754290","5614 SAXON DR","77092"
"754306","3004 SAGEBRUSH DR","77093"
"754317","2943 ROTHERMEL RD","77093"
"754581","2924 BARKSDALE DR","77093"
"754740","2936 YORKWOOD ST","77093"
"754745","2920 FLEETWOOD ST","77093"
"754757","2919 SAGEBRUSH DR","77093"
"754773","2943 DURWOOD ST","77093"
"754808","2948 ROTHERMEL RD","77093"
"754829","2936 BARKSDALE DR","77093"
"754849","2935 ROTHERMEL RD","77093"
"755017","14227 MCCADDEN ST","77045"
"755038","4311 GALLAGHER DR","77045"
"755179","4202 DALMATIAN DR","77045"
"755648","3930 DALMATIAN DR","77045"
"755751","3823 DALMATIAN DR","77045"
"759167","3931 DALMATIAN DR","77045"
"759301","3910 TIFFANY DR","77045"
"759833","4034 DALMATIAN DR","77045"
"759945","2919 DURWOOD ST","77093"
"759946","10744 ROYAL PINE DR","77093"
"759987","10943 ROYAL PINE DR","77093"
"760106","10751 ROYAL PINE DR","77093"
"760107","2948 DURWOOD ST","77093"
"760668","10703 ROYAL PINE DR","77093"
"760689","10731 ROYAL PINE DR","77093"
"760698","2915 ROTHERMEL RD","77093"
"760713","2923 DURWOOD ST","77093"
"760716","2932 YORKWOOD ST","77093"
"760718","2928 DURWOOD ST","77093"
"760726","2947 FLEETWOOD ST","77093"
"760727","2932 FLEETWOOD ST","77093"
"760728","10715 ROYAL PINE DR","77093"
"760758","2939 FLEETWOOD ST","77093"
"760785","2928 ROTHERMEL RD","77093"
"760794","2919 CHARTER OAKS DR","77093"
"760795","2935 YORKWOOD ST","77093"
"760804","2940 YORKWOOD ST","77093"
"760807","2927 FLEETWOOD ST","77093"
"761089","2944 BARKSDALE DR","77093"
"761091","2943 BRIARWICK LN","77093"
"761270","2915 BRIARWICK LN","77093"
"761289","10928 ROYAL PINE DR","77093"
"761320","2916 BARKSDALE DR","77093"
"761501","2944 FLEETWOOD ST","77093"
"761539","2916 FLEETWOOD ST","77093"
"761767","14511 NELSON ST","77045"
"762223","10631 ROYAL PINE DR","77093"
"762241","10727 ROYAL PINE DR","77093"
"762262","2916 SAGEBRUSH DR","77093"
"762263","2931 FLEETWOOD ST","77093"
"762446","10936 ROYAL PINE DR","77093"
"762447","3003 CRICKET LN","77093"
"762461","3003 SAGEBRUSH DR","77093"
"762496","2911 CRICKET LN","77093"
"762522","10623 ROYAL PINE DR","77093"
"762524","2915 FLEETWOOD ST","77093"
"762537","2912 BARKSDALE DR","77093"
"762539","10736 ROYAL PINE DR","77093"
"762540","2931 YORKWOOD ST","77093"
"762550","10939 ROYAL PINE DR","77093"
"762579","2912 CHARTER OAKS DR","77093"
"762618","2944 ROTHERMEL RD","77093"
"762655","2936 ROTHERMEL RD","77093"
"762660","2951 YORKWOOD ST","77093"
"762669","10627 ROYAL PINE DR","77093"
"762672","2916 DURWOOD ST","77093"
"762780","2939 ROTHERMEL RD","77093"
"762832","2924 ROTHERMEL RD","77093"
"762880","10728 ROYAL PINE DR","77093"
"762889","10811 ROYAL PINE DR","77093"
"762949","10907 ROYAL PINE DR","77093"
"763008","4333 HOLLOW HOOK RD","77041"
"763018","2920 CHARTER OAKS DR","77093"
"763060","10935 ROYAL PINE DR","77093"
"764822","14314 BUFFALO SPEEDWAY","77045"
"764888","3731 DALMATIAN DR","77045"
"765324","3714 TIFFANY DR","77045"
"765556","411 GLENBURNIE DR","77022"
"766564","4103 DALMATIAN DR","77045"
"767706","12806 GOTHAM DR","77089"
"768580","423 GLENBURNIE DR","77022"
"769838","1453 E  33RD ST","77022"
"770218","3219 OJEMAN RD","77080"
"770547","10723 ROYAL PINE DR","77093"
"771123","7811 STREAMSIDE DR","77088"
"771321","307 E  DELZ DR","77022"
"771335","4803 CARIS ST","77091"
"771782","607 MARLEEN ST","77034"
"771979","14227 BLIGH ST","77045"
"772412","14223 MCCADDEN ST","77045"
"774168","4422 DALMATIAN DR","77045"
"777069","2928 FLEETWOOD ST","77093"
"777075","10740 ROYAL PINE DR","77093"
"777106","10755 ROYAL PINE DR","77093"
"777640","5503 BLACKJACK LN","77088"
"778869","4122 TRAFALGAR DR","77045"
"779429","4417 PALO PINTO DR","77041"
"780411","4802 CARIS ST","77091"
"780751","3906 TIFFANY DR","77045"
"780908","7710 MAPLE TREE DR","77088"
"783517","5403 BENT BOUGH LN","77088"
"783528","5607 BENT BOUGH LN","77088"
"783590","8451 BLANKENSHIP DR","77080"
"784360","6107 VINEWOOD DR","77088"
"784391","7402 MAPLE TREE DR","77088"
"788158","4425 PALO PINTO DR","77041"
"788241","719 RITTENHOUSE ST","77091"
"788360","4341 PALO PINTO DR","77041"
"788717","4405 PALO PINTO DR","77041"
"788753","4409 PALO PINTO DR","77041"
"789593","5806 PAR FOUR DR","77088"
"790535","8622 SONNEVILLE DR","77080"
"790772","4907 MERCEDES LN","77022"
"791263","6646 ACKLEY DR","77396"
"792356","4806 DALMATIAN DR","77045"
"793621","4626 DALMATIAN DR","77045"
"795163","7806 MAPLE TREE DR","77088"
"796173","5007 WERNER ST","77022"
"796847","2222 NORTHSHORE DR","77339"
"798323","2122 NORTHSHORE DR","77339"
"799281","618 MOSHER LN","77037"
"800408","4119 DALMATIAN DR","77045"
"800962","2932 ROTHERMEL RD","77093"
"803293","14517 NELSON ST","77045"
"803350","10747 ROYAL PINE DR","77093"
"803382","10739 ROYAL PINE DR","77093"
"803426","2931 BRIARWICK LN","77093"
"803683","2920 YORKWOOD ST","77093"
"803774","2936 DURWOOD ST","77093"
"803783","2931 ROTHERMEL RD","77093"
"803935","14315 QUENTION DR","77045"
"803936","4115 DALMATIAN DR","77045"
"804161","614 MOSHER LN","77037"
"804190","4322 GALLAGHER DR","77045"
"804191","4322 DALMATIAN DR","77045"
"804307","3730 TIFFANY DR","77045"
"804340","14310 HIRAM CLARKE RD","77045"
"804349","3726 TIFFANY DR","77045"
"804383","2939 DURWOOD ST","77093"
"804428","2928 YORKWOOD ST","77093"
"804568","2927 BRIARWICK LN","77093"
"804812","2919 FLEETWOOD ST","77093"
"805851","4415 DALMATIAN DR","77045"
"805871","4003 DALMATIAN DR","77045"
"806871","2944 DURWOOD ST","77093"
"806872","2940 ROTHERMEL RD","77093"
"807034","3803 DALMATIAN DR","77045"
"807470","14218 GOWLAND ST","77045"
"808031","5922 SAXON DR","77092"
"810750","4634 DALMATIAN DR","77045"
"813341","3307 KNOLL ST","77080"
"816301","4903 MERCEDES LN","77022"
"816462","347 SPELL ST","77022"
"816568","5002 ARROWPOINT DR","77022"
"816693","4911 MERCEDES LN","77022"
"816957","14311 QUENTION DR","77045"
"817049","55 DOGWOOD LN","77365"
"817055","3927 DALMATIAN DR","77045"
"817133","310 GLENBURNIE DR","77022"
"818640","2911 FLEETWOOD ST","77093"
"818997","7203 BRUSH WOOD DR","77088"
"819000","8463 GOLD CREEK DR","77080"
"819204","2435 AVENELL RD","77034"
"820743","5506 TURFWOOD LN","77088"
"821215","7814 MAPLE TREE DR","77088"
"821253","7818 MAPLE TREE DR","77088"
"821259","5503 TURFWOOD LN","77088"
"823769","3008 SAGEBRUSH DR","77093"
"824346","6002 SAXON DR","77092"
"825919","11002 SAGEHILL DR","77089"
"826410","2310 NORTHSHORE DR","77339"
"826839","5007 LOS ANGELES ST","77026"
"828090","3303 OJEMAN RD","77080"
"828139","8642 GREINER DR","77080"
"828146","9814 BROOKSHIRE ST","77041"
"828215","9834 ROCKCREST DR","77041"
"828230","3310 OJEMAN RD","77080"
"828242","8810 THEYSEN DR","77080"
"829666","5011 WERNER ST","77022"
"829695","4824 WERNER ST","77022"
"830347","7610 THUROW ST","77087"
"830405","2927 TRENTON RD","77093"
"830411","503 E  JANISCH RD","77022"
"831346","2923 TRENTON RD","77093"
"831657","2903 YORKWOOD ST","77093"
"831688","3004 CRICKET LN","77093"
"831779","2927 BARKSDALE DR","77093"
"832146","2907 BARKSDALE DR","77093"
"834318","7203 WENWOOD CIR","77040"
"834537","5015 LOS ANGELES ST","77026"
"837230","9338 GUYWOOD ST","77040"
"837332","9346 GUYWOOD ST","77040"
"837334","9342 GUYWOOD ST","77040"
"838494","7418 WILLIAMS ST","77040"
"839417","9207 GUYWOOD ST","77040"
"839566","7207 WENWOOD CIR","77040"
"840001","9350 GUYWOOD ST","77040"
"842243","303 E  DELZ DR","77022"
"842268","4844 WERNER ST","77022"
"842269","401 VICTORIA DR","77022"
"842540","318 GLENBURNIE DR","77022"
"842565","200 E  BURRESS ST","77022"
"842566","200 E  BURRESS ST","77022"
"842569","5016 ARROWPOINT DR","77022"
"842751","1427 E  35TH ST","77022"
"844541","2932 TRENTON RD","77093"
"844612","2931 BARKSDALE DR","77093"
"844800","323 BIZERTE ST","77022"
"848244","434 LENARD ST","77009"
"850357","311 BIZERTE ST","77022"
"850683","9354 GUYWOOD ST","77040"
"853947","5010 TIFFANY DR","77045"
"854821","622 NEST LN","77022"
"855256","606 NEST LN","77022"
"861493","602 NEST LN","77022"
"861614","618 NEST LN","77022"
"861618","626 NEST LN","77022"
"861650","610 NEST LN","77022"
"861888","0 ROLIN","77092"
"861889","0 ROLIN","77092"
"862291","5318 SAXON DR","77092"
"862480","5314 SAXON DR","77092"
"862481","5302 SAXON DR","77092"
"862928","2928 CRICKET LN","77093"
"862929","2915 BARKSDALE DR","77093"
"863230","2911 TRENTON RD","77093"
"863256","2939 YORKWOOD ST","77093"
"863281","2943 BARKSDALE DR","77093"
"863282","2940 TRENTON RD","77093"
"863701","2915 YORKWOOD ST","77093"
"863702","2911 YORKWOOD ST","77093"
"863802","4731 DAGG RD","77048"
"863959","10748 ROYAL PINE DR","77093"
"864107","5618 OAKHAM ST","77085"
"864117","2920 CRICKET LN","77093"
"864164","5614 OAKHAM ST","77085"
"864226","2916 TRENTON RD","77093"
"864247","2908 CRICKET LN","77093"
"864315","2924 TRENTON RD","77093"
"864316","2916 CRICKET LN","77093"
"866675","10815 ROYAL PINE DR","77093"
"866715","5223 CHANTILLY LN","77092"
"866786","5219 CHANTILLY LN","77092"
"866787","5215 CHANTILLY LN","77092"
"866926","450 LENARD ST","77009"
"866959","5511 ENID ST","77009"
"866960","5511 ENID ST","77009"
"867716","4105 PARDEE ST","77026"
"867749","4103 PARDEE ST","77026"
"867782","2943 YORKWOOD ST","77093"
"867783","2923 ROTHERMEL RD","77093"
"867808","5002 LEFFINGWELL ST","77026"
"867811","10903 ROYAL PINE DR","77093"
"867826","2919 ROTHERMEL RD","77093"
"868011","2952 YORKWOOD ST","77093"
"869965","5509 ENID ST","77009"
"870912","530 SPELL ST","77022"
"870917","602 SPELL ST","77022"
"870935","614 NEST LN","77022"
"871003","522 SPELL ST","77022"
"871184","4836 WERNER ST","77022"
"873236","502 SPELL ST","77022"
"873528","2912 CRICKET LN","77093"
"873548","2912 TRENTON RD","77093"
"873733","2919 BARKSDALE DR","77093"
"873734","2908 TRENTON RD","77093"
"873753","2915 TRENTON RD","77093"
"873767","2928 TRENTON RD","77093"
"873851","2920 TRENTON RD","77093"
"873858","2939 BARKSDALE DR","77093"
"873890","2936 TRENTON RD","77093"
"873900","10931 ROYAL PINE DR","77093"
"873996","10620 SHADY LN","77093"
"874510","2936 FLEETWOOD ST","77093"
"874637","507 SPELL ST","77022"
"874758","510 SPELL ST","77022"
"874830","10624 SHADY LN","77093"
"875268","2919 TRENTON RD","77093"
"875353","10616 SHADY LN","77093"
"875374","2924 CRICKET LN","77093"
"875375","2907 TRENTON RD","77093"
"875380","10819 ROYAL PINE DR","77093"
"875381","10732 ROYAL PINE DR","77093"
"875388","2948 BARKSDALE DR","77093"
"875896","2923 YORKWOOD ST","77093"
"876057","10932 ROYAL PINE DR","77093"
"876058","2923 BRIARWICK LN","77093"
"876082","2935 BRIARWICK LN","77093"
"876787","2912 YORKWOOD ST","77093"
"877118","2911 BARKSDALE DR","77093"
"877685","7414 WILLIAMS ST","77040"
"877887","4915 MERCEDES LN","77022"
"877947","343 SPELL ST","77022"
"878050","515 SPELL ST","77022"
"878104","7655 STREAMSIDE DR","77088"
"878113","7402 WILLIAMS ST","77040"
"878115","7278 SHADY CORNERS LN","77040"
"878174","9203 GUYWOOD ST","77040"
"880245","2919 YORKWOOD ST","77093"
"880271","10927 ROYAL PINE DR","77093"
"882592","514 E  JANISCH RD","77022"
"882934","5507 ENID ST","77009"
"883160","10719 ROYAL PINE DR","77093"
"883199","7119 BAYOU FOREST DR","77088"
"883203","2915 DURWOOD ST","77093"
"883231","4723 MARABLE DR","77022"
"883281","4832 WERNER ST","77022"
"883383","603 NEST LN","77022"
"884405","7274 SHADY CORNERS LN","77040"
"884557","7406 WILLIAMS ST","77040"
"885214","9206 GUYWOOD ST","77040"
"885458","606 SPELL ST","77022"
"885511","4727 MARABLE DR","77022"
"886386","7726 MAPLE TREE DR","77088"
"886426","7707 STREAMSIDE DR","77088"
"887617","5005 LAVENDER ST","77026"
"888410","4919 MERCEDES LN","77022"
"889136","4131 PLACID ST","77022"
"889426","7322 WILLIAMS ST","77040"
"892214","358 SPELL ST","77022"
"892234","359 VICTORIA DR","77022"
"892235","359 SPELL ST","77022"
"896125","355 SPELL ST","77022"
"897401","7718 MAPLE TREE DR","77088"
"897418","7410 WILLIAMS ST","77040"
"898680","7730 MAPLE TREE DR","77088"
"898681","7719 STREAMSIDE DR","77088"
"899908","351 SPELL ST","77022"
"911613","2823 N  HOUSTON AVE","77338"
"911614","2823 N  HOUSTON AVE","77338"
"915028","10666 SHADY LN","77093"
"915167","2923 BARKSDALE DR","77093"
"915199","2935 BARKSDALE DR","77093"
"915219","2935 TRENTON RD","77093"
"915220","2931 TRENTON RD","77093"
"919384","7711 STREAMSIDE DR","77088"
"921436","7643 STREAMSIDE DR","77088"
"921857","7651 STREAMSIDE DR","77088"
"923455","16702 LARCHWOOD DR","77396"
"923462","6135 WINSTEAD LN","77396"
"924145","7703 STREAMSIDE DR","77088"
"925585","631 NEST LN","77022"
"925893","7802 MAPLE TREE DR","77088"
"926619","507 E  JANISCH RD","77022"
"927824","3406 BAYOU DR","77022"
"932635","3302 KNOLL ST","77080"
"941634","607 NEST LN","77022"
"943237","8475 GOLD CREEK DR","77080"
"943395","615 NEST LN","77022"
"954618","9334 GUYWOOD ST","77040"
"957585","7663 MCHENRY ST","77087"
"957586","7659 MCHENRY ST","77087"
"960842","4015 DALMATIAN DR","77045"
"961274","440 LENARD ST","77009"
"961699","314 BIZERTE ST","77022"
"961735","302 GLENBURNIE DR","77022"
"961892","5505 ENID ST","77009"
"961956","319 JANISCH RD","77022"
"961978","7314 WILLIAMS ST","77040"
"962853","7123 BAYOU FOREST DR","77088"
"962868","7219 SHADY MOSS LN","77040"
"963146","326 ACME CT","77022"
"964173","1432 E  34TH ST","77022"
"965462","454 LENARD ST","77009"
"969295","1327 RIGGS RD","77022"
"970115","8007 DELWIN ST","77034"
"970929","303 GLENBURNIE DR","77022"
"971039","8011 DELWIN ST","77034"
"972011","8650 GREINER DR","77080"
"972108","7318 WILLIAMS ST","77040"
"972455","3022 FARMINGTON ST","77080"
"972507","3315 MAYSEL ST","77080"
"973130","3302 MAYSEL ST","77080"
"973381","3303 PEAVINE CIR","77080"
"975422","3027 RYSON ST","77080"
"978345","16710 LARCHWOOD DR","77396"
"978428","4828 WERNER ST","77022"
"978944","14235 BATHURST DR","77045"
"980694","28222 RUBY WAY","77336"
"980822","12031 FLUSHING MEADOWS DR","77089"
"981704","3902 DALMATIAN DR","77045"
"981732","3918 DALMATIAN DR","77045"
"981916","14323 FLEETWELL DR","77045"
"981928","14227 GOWLAND ST","77045"
"981966","4339 GALLAGHER DR","77045"
"981983","4211 DALMATIAN DR","77045"
"982261","4318 TRAFALGAR DR","77045"
"982288","4314 TRAFALGAR DR","77045"
"982463","4338 DALMATIAN DR","77045"
"982503","14223 BATHURST DR","77045"
"982559","3926 TIFFANY DR","77045"
"982607","14214 BLIGH ST","77045"
"982692","10803 HINDS ST","77034"
"982707","4430 DALMATIAN DR","77045"
"983695","8614 GREINER DR","77080"
"983752","11915 FLUSHING MEADOWS DR","77089"
"984133","8622 GREINER DR","77080"
"984697","3319 PEAVINE CIR","77080"
"984707","3103 FARMINGTON ST","77080"
"984735","8618 GREINER DR","77080"
"984951","3311 MAYSEL ST","77080"
"988438","231 OPAL WAY","77336"
"989083","12814 GOTHAM DR","77089"
"989171","8446 BLANKENSHIP DR","77080"
"989314","3310 PEAVINE CIR","77080"
"991303","234 DIAMOND WAY","77336"
"991504","3730 DALMATIAN DR","77045"
"991513","14315 FLEETWELL DR","77045"
"992146","4419 DALMATIAN DR","77045"
"992232","14326 BUFFALO SPEEDWAY","77045"
"998063","8467 GOLD CREEK DR","77080"
"998824","8479 GOLD CREEK DR","77080"
"1000332","510 VICTORIA DR","77022"
"1000340","514 VICTORIA DR","77022"
"1001937","8822 THEYSEN DR","77080"
"1011734","14411 WHITE HEATHER DR","77045"
"1012304","8547 SONNEVILLE DR","77080"
"1012353","3905 DALMATIAN DR","77045"
"1012527","3214 OJEMAN RD","77080"
"1014234","3218 OJEMAN RD","77080"
"1014534","2932 BRIARWICK LN","77093"
"1014535","2936 BRIARWICK LN","77093"
"1014605","4522 SAUNDERS RD","77093"
"1014617","2447 MARGARET ST","77093"
"1016202","1451 E  33RD ST","77022"
"1018002","14334 BUFFALO SPEEDWAY","77045"
"1018056","3919 DALMATIAN DR","77045"
"1018074","4415 GALLAGHER DR","77045"
"1018614","3600 BAYOU DR","77022"
"1019237","1433 E  36TH ST","77022"
"1022630","314 FOREST COVE DR","77339"
"1023934","5006 ARROWPOINT DR","77022"
"1025681","3306 MAYSEL ST","77080"
"1033160","410 GLENBURNIE DR","77022"
"1033178","406 GLENBURNIE DR","77022"
"1033183","426 GLENBURNIE DR","77022"
"1033194","402 GLENBURNIE DR","77022"
"1033198","430 GLENBURNIE DR","77022"
"1036693","5230 SAXON DR","77092"
"1036695","5234 SAXON DR","77092"
"1036697","5226 SAXON DR","77092"
"1036698","5222 SAXON DR","77092"
"1036743","5203 CHANTILLY LN","77092"
"1036744","5207 CHANTILLY LN","77092"
"1036745","5211 CHANTILLY LN","77092"
"1037847","28202 RUBY WAY","77336"
"1038536","4726 DALMATIAN DR","77045"
"1038537","4802 DALMATIAN DR","77045"
"1044535","12823 NYACK DR","77089"
"1046891","4315 DALMATIAN DR","77045"
"1049810","14302 TWISTED OAK LN","77079"
"1050553","4018 DALMATIAN DR","77045"
"1054894","12822 GOTHAM DR","77089"
"1060433","12818 GOTHAM DR","77089"
"1064589","3311 PEAVINE CIR","77080"
"1066679","14210 GOWLAND ST","77045"
"1067024","12811 GOTHAM DR","77089"
"1068981","242 LITCHFIELD LN","77024"
"1070480","11811 FLUSHING MEADOWS DR","77089"
"1073762","11823 FLUSHING MEADOWS DR","77089"
"1073791","11930 FLUSHING MEADOWS DR","77089"
"1073817","12003 FLUSHING MEADOWS DR","77089"
"1074086","12826 NYACK DR","77089"
"1074571","12814 NYACK DR","77089"
"1076750","4306 TRAFALGAR DR","77045"
"1077348","14211 MCCADDEN ST","77045"
"1084505","1404 WRIGHTWOOD ST","77009"
"1092245","4327 SIMSBROOK DR","77045"
"1092493","14079 AMBROSE ST","77045"
"1108261","14407 QUENTION DR","77045"
"1108266","14403 QUENTION DR","77045"
"1108271","14319 QUENTION DR","77045"
